{
    "DemoStage": {
        "ObjCount": 5,
        "obj0": "obj0",
        "obj0Durability": 3,
        "obj0Rotate": [
            0.0,
            1.0,
            0.0
        ],
        "obj0Scale": [
            5.0,
            1.0,
            5.0
        ],
        "obj0Translate": [
            -20.0,
            2.0,
            11.0
        ],
        "obj1": "obj1",
        "obj1Durability": 3,
        "obj1Rotate": [
            0.0,
            1.7999999523162842,
            0.0
        ],
        "obj1Scale": [
            5.0,
            1.0,
            3.0
        ],
        "obj1Translate": [
            21.017000198364258,
            2.0,
            -25.900999069213867
        ],
        "obj2": "obj2",
        "obj2Durability": 3,
        "obj2Rotate": [
            0.699999988079071,
            -2.0,
            0.0
        ],
        "obj2Scale": [
            3.0,
            2.0,
            3.0
        ],
        "obj2Translate": [
            14.0,
            2.0,
            0.0
        ],
        "obj3": "obj3",
        "obj3Durability": 3,
        "obj3Rotate": [
            0.0,
            2.0,
            0.0
        ],
        "obj3Scale": [
            2.0,
            1.0,
            2.0
        ],
        "obj3Translate": [
            13.0,
            2.0,
            17.0
        ],
        "obj4": "obj4",
        "obj4Durability": 3,
        "obj4Rotate": [
            0.0,
            2.5,
            0.0
        ],
        "obj4Scale": [
            2.0,
            1.0,
            4.5
        ],
        "obj4Translate": [
            -20.0,
            2.0,
            -26.0
        ]
    }
}
