{
    "GameDemoScene": {
        "ObjectCount": 3,
        "Test": 90,
        "test1": "test4",
        "test1Scale": [
            1.0,
            5.400000095367432,
            1.0
        ],
        "test1Translate": [
            6.800000190734863,
            2.4000000953674316,
            10.0
        ],
        "test2": "test4",
        "test2Scale": [
            1.0,
            1.0,
            10.0
        ],
        "test2Translate": [
            -6.400000095367432,
            7.199999809265137,
            10.0
        ],
        "test3": "test4",
        "test3Scale": [
            10.0,
            0.20000000298023224,
            10.0
        ],
        "test3Translate": [
            0.0,
            -1.600000023841858,
            5.0
        ],
        "test4": "test4"
    }
}
